{
    "corr": 0.8600241238944957,
    "p_val": 9.107365536939765e-60
}