{
    "arc": 0.5179180887372014,
    "truthful_qa": 0.3128654970760234,
    "mmlu": 0.45143142002563735
}