{
    "arc": 0.5238907849829352,
    "truthful_qa": 0.3347953216374269,
    "mmlu": 0.44715852442671983
}