{
    "arc": 0.5170648464163823,
    "truthful_qa": 0.3333333333333333,
    "mmlu": 0.4492949722261786
}