{
    "corr": 0.8466005606360874,
    "p_val": 3.9084387903537438e-56
}