{
    "arc": 0.5784982935153583,
    "truthful_qa": 0.3333333333333333,
    "mmlu": 0.46859421734795614
}