{
    "arc": 0.3703071672354949,
    "truthful_qa": 0.30994152046783624,
    "mmlu": 0.3577837914826948
}