{
    "arc": 0.5810580204778157,
    "truthful_qa": 0.3567251461988304,
    "mmlu": 0.4746474861130893
}