{
    "arc": 0.7167235494880546,
    "truthful_qa": 0.2997076023391813,
    "mmlu": 0.5150975644495086
}