{
    "arc": 0.4325938566552901,
    "truthful_qa": 0.3084795321637427,
    "mmlu": 0.3605611736219912
}