{
    "arc": 0.7184300341296929,
    "truthful_qa": 0.3128654970760234,
    "mmlu": 0.5164506480558325
}