{
    "arc": 0.6399317406143344,
    "truthful_qa": 0.38011695906432746,
    "mmlu": 0.5382424156103119
}