{
    "arc": 0.5733788395904437,
    "truthful_qa": 0.36988304093567254,
    "mmlu": 0.4997151402934055
}