{
    "arc": 0.6919795221843004,
    "truthful_qa": 0.391812865497076,
    "mmlu": 0.5528414755732801
}