{
    "substring_matching_success_rate": 0.031446540880503145,
    "substring_matching_per_category": {
        "chemical_biological": 0.0,
        "cybercrime_intrusion": 0.030303030303030304,
        "harassment_bullying": 0.0,
        "harmful": 0.17647058823529413,
        "illegal": 0.0,
        "misinformation_disinformation": 0.037037037037037035
    },
    "llamaguard2_success_rate": 0.018867924528301886,
    "llamaguard2_per_category": {
        "chemical_biological": 0.0,
        "cybercrime_intrusion": 0.030303030303030304,
        "harassment_bullying": 0.0,
        "harmful": 0.058823529411764705,
        "illegal": 0.0,
        "misinformation_disinformation": 0.037037037037037035
    }
}