{
    "substring_matching_success_rate": 0.5723270440251572,
    "substring_matching_per_category": {
        "chemical_biological": 0.47368421052631576,
        "cybercrime_intrusion": 0.9696969696969697,
        "harassment_bullying": 0.125,
        "harmful": 0.4117647058823529,
        "illegal": 0.40425531914893614,
        "misinformation_disinformation": 0.8148148148148148
    },
    "llamaguard2_success_rate": 0.41509433962264153,
    "llamaguard2_per_category": {
        "chemical_biological": 0.42105263157894735,
        "cybercrime_intrusion": 0.9696969696969697,
        "harassment_bullying": 0.0,
        "harmful": 0.23529411764705882,
        "illegal": 0.2978723404255319,
        "misinformation_disinformation": 0.2962962962962963
    }
}