{
    "corr": 0.9573813143867653,
    "p_val": 9.507147871311762e-109
}