{
    "arc": 0.8208191126279863,
    "truthful_qa": 0.38011695906432746,
    "mmlu": 0.6429995727104401
}