{
    "arc": 0.41638225255972694,
    "truthful_qa": 0.3157894736842105,
    "mmlu": 0.3977353653325737
}