{
    "arc": 0.8242320819112628,
    "truthful_qa": 0.391812865497076,
    "mmlu": 0.6422874234439538
}