{
    "corr": 0.930237260935241,
    "p_val": 3.787178477424451e-88
}