{
    "substring_matching_success_rate": 0.9622641509433962,
    "substring_matching_per_category": {
        "chemical_biological": 1.0,
        "cybercrime_intrusion": 1.0,
        "harassment_bullying": 0.875,
        "harmful": 0.8823529411764706,
        "illegal": 0.9574468085106383,
        "misinformation_disinformation": 1.0
    },
    "llamaguard2_success_rate": 0.710691823899371,
    "llamaguard2_per_category": {
        "chemical_biological": 0.9473684210526315,
        "cybercrime_intrusion": 0.9696969696969697,
        "harassment_bullying": 0.25,
        "harmful": 0.5882352941176471,
        "illegal": 0.8085106382978723,
        "misinformation_disinformation": 0.4074074074074074
    }
}