{
    "substring_matching_success_rate": 0.4276729559748428,
    "substring_matching_per_category": {
        "chemical_biological": 0.3157894736842105,
        "cybercrime_intrusion": 0.5454545454545454,
        "harassment_bullying": 0.1875,
        "harmful": 0.35294117647058826,
        "illegal": 0.23404255319148937,
        "misinformation_disinformation": 0.8888888888888888
    },
    "llamaguard2_success_rate": 0.2578616352201258,
    "llamaguard2_per_category": {
        "chemical_biological": 0.21052631578947367,
        "cybercrime_intrusion": 0.5151515151515151,
        "harassment_bullying": 0.0,
        "harmful": 0.17647058823529413,
        "illegal": 0.14893617021276595,
        "misinformation_disinformation": 0.37037037037037035
    }
}