{
    "arc": 0.4735494880546075,
    "truthful_qa": 0.3333333333333333,
    "mmlu": 0.38570004272895597
}