{
    "arc": 0.2883959044368601,
    "truthful_qa": 0.3391812865497076,
    "mmlu": 0.27218344965104685
}