{
    "arc": 0.47440273037542663,
    "truthful_qa": 0.3713450292397661,
    "mmlu": 0.3921093861273323
}