{
    "corr": 0.8763039130916793,
    "p_val": 1.0233068635427633e-64
}