{
    "corr": 0.8432591190710637,
    "p_val": 2.7689745028364226e-55
}