{
    "arc": 0.7551194539249146,
    "truthful_qa": 0.3391812865497076,
    "mmlu": 0.5948582822959693
}