{
    "arc": 0.6399317406143344,
    "truthful_qa": 0.38596491228070173,
    "mmlu": 0.5247827944737217
}