{
    "arc": 0.765358361774744,
    "truthful_qa": 0.3845029239766082,
    "mmlu": 0.6005554764278592
}