{
    "arc": 0.6399317406143344,
    "truthful_qa": 0.29678362573099415,
    "mmlu": 0.5066229881783222
}