{
    "arc": 0.6186006825938567,
    "truthful_qa": 0.33187134502923976,
    "mmlu": 0.49437402079475856
}