{
    "arc": 0.6501706484641638,
    "truthful_qa": 0.3260233918128655,
    "mmlu": 0.5116792479703746
}