{
    "corr": 0.9548974989882857,
    "p_val": 2.291023867554995e-106
}